GPCRdb,pos,SSE,wt_aa
,1,N-tail,M
,2,N-tail,D
,3,N-tail,S
,4,N-tail,S
,5,N-tail,A
,6,N-tail,A
,7,N-tail,P
,8,N-tail,T
,9,N-tail,N
,10,N-tail,A
,11,N-tail,S
,12,N-tail,N
,13,N-tail,C
,14,N-tail,T
,15,N-tail,D
,16,N-tail,A
,17,N-tail,L
,18,N-tail,A
,19,N-tail,Y
,20,N-tail,S
,21,N-tail,S
,22,N-tail,C
,23,N-tail,S
,24,N-tail,P
,25,N-tail,A
,26,N-tail,P
,27,N-tail,S
,28,N-tail,P
,29,N-tail,G
,30,N-tail,S
,31,N-tail,W
,32,N-tail,V
,33,N-tail,N
,34,N-tail,L
,35,N-tail,S
,36,N-tail,H
,37,N-tail,L
,38,N-tail,D
,39,N-tail,G
,40,N-tail,N
,41,N-tail,L
,42,N-tail,S
,43,N-tail,D
,44,N-tail,P
,45,N-tail,C
,46,N-tail,G
,47,N-tail,P
,48,N-tail,N
,49,N-tail,R
,50,N-tail,T
,51,N-tail,D
,52,N-tail,L
,53,N-tail,G
,54,N-tail,G
,55,N-tail,R
,56,N-tail,D
,57,N-tail,S
,58,N-tail,L
,59,N-tail,C
,60,N-tail,P
,61,N-tail,P
,62,N-tail,T
,63,N-tail,G
,64,N-tail,S
,65,N-tail,P
,66,N-tail,S
1x29,67,TM1,M
1x30,68,TM1,I
1x31,69,TM1,T
1x32,70,TM1,A
1x33,71,TM1,I
1x34,72,TM1,T
1x35,73,TM1,I
1x36,74,TM1,M
1x37,75,TM1,A
1x38,76,TM1,L
1x39,77,TM1,Y
1x40,78,TM1,S
1x41,79,TM1,I
1x42,80,TM1,V
1x43,81,TM1,C
1x44,82,TM1,V
1x45,83,TM1,V
1x46,84,TM1,G
1x47,85,TM1,L
1x48,86,TM1,F
1x49,87,TM1,G
1x50,88,TM1,N
1x51,89,TM1,F
1x52,90,TM1,L
1x53,91,TM1,V
1x54,92,TM1,M
1x55,93,TM1,Y
1x56,94,TM1,V
1x57,95,TM1,I
1x58,96,TM1,V
1x59,97,TM1,R
1x60,98,TM1,Y
12x48,99,ICL1,T
12x49,100,ICL1,K
12x50,101,ICL1,M
12x51,102,ICL1,K
2x37,103,TM2,T
2x38,104,TM2,A
2x39,105,TM2,T
2x40,106,TM2,N
2x41,107,TM2,I
2x42,108,TM2,Y
2x43,109,TM2,I
2x44,110,TM2,F
2x45,111,TM2,N
2x46,112,TM2,L
2x47,113,TM2,A
2x48,114,TM2,L
2x49,115,TM2,A
2x50,116,TM2,D
2x51,117,TM2,A
2x52,118,TM2,L
2x53,119,TM2,A
2x54,120,TM2,T
2x55,121,TM2,S
2x56,122,TM2,T
2x57,123,TM2,L
2x58,124,TM2,P
2x59,125,TM2,F
2x60,126,TM2,Q
2x61,127,TM2,S
2x62,128,TM2,V
2x63,129,TM2,N
2x64,130,TM2,Y
2x65,131,TM2,L
2x66,132,TM2,M
2x67,133,TM2,G
23x49,134,ECL1,T
23x50,135,ECL1,W
23x51,136,ECL1,P
23x52,137,ECL1,F
3x21,138,TM3,G
3x22,139,TM3,T
3x23,140,TM3,I
3x24,141,TM3,L
3x25,142,TM3,C
3x26,143,TM3,K
3x27,144,TM3,I
3x28,145,TM3,V
3x29,146,TM3,I
3x30,147,TM3,S
3x31,148,TM3,I
3x32,149,TM3,D
3x33,150,TM3,Y
3x34,151,TM3,Y
3x35,152,TM3,N
3x36,153,TM3,M
3x37,154,TM3,F
3x38,155,TM3,T
3x39,156,TM3,S
3x40,157,TM3,I
3x41,158,TM3,F
3x42,159,TM3,T
3x43,160,TM3,L
3x44,161,TM3,C
3x45,162,TM3,T
3x46,163,TM3,M
3x47,164,TM3,S
3x48,165,TM3,V
3x49,166,TM3,D
3x50,167,TM3,R
3x51,168,TM3,Y
3x52,169,TM3,I
3x53,170,TM3,A
3x54,171,TM3,V
3x55,172,TM3,C
3x56,173,TM3,H
34x50,174,ICL2,P
34x51,175,ICL2,V
34x52,176,ICL2,K
34x53,177,ICL2,A
34x54,178,ICL2,L
34x55,179,ICL2,D
34x56,180,ICL2,F
34x57,181,ICL2,R
4x38,182,TM4,T
4x39,183,TM4,P
4x40,184,TM4,R
4x41,185,TM4,N
4x42,186,TM4,A
4x43,187,TM4,K
4x44,188,TM4,I
4x45,189,TM4,I
4x46,190,TM4,N
4x47,191,TM4,V
4x48,192,TM4,C
4x49,193,TM4,N
4x50,194,TM4,W
4x51,195,TM4,I
4x52,196,TM4,L
4x53,197,TM4,S
4x54,198,TM4,S
4x55,199,TM4,A
4x56,200,TM4,I
4x57,201,TM4,G
4x58,202,TM4,L
4x59,203,TM4,P
4x60,204,TM4,V
4x61,205,TM4,M
4x62,206,TM4,F
4x63,207,TM4,M
4x64,208,TM4,A
,209,ECL2,T
,210,ECL2,T
,211,ECL2,K
,212,ECL2,Y
,213,ECL2,R
,214,ECL2,Q
,215,ECL2,G
,216,ECL2,S
,217,ECL2,I
,218,ECL2,D
45x50,219,ECL2,C
45x51,220,ECL2,T
45x52,221,ECL2,L
,222,ECL2,T
,223,ECL2,F
,224,ECL2,S
,225,ECL2,H
5x31,226,TM5,P
5x32,227,TM5,T
5x33,228,TM5,W
5x34,229,TM5,Y
5x35,230,TM5,W
5x36,231,TM5,E
5x37,232,TM5,N
5x38,233,TM5,L
5x39,234,TM5,L
5x40,235,TM5,K
5x41,236,TM5,I
5x42,237,TM5,C
5x43,238,TM5,V
5x44,239,TM5,F
5x45,240,TM5,I
5x46,241,TM5,F
5x461,242,TM5,A
5x47,243,TM5,F
5x48,244,TM5,I
5x49,245,TM5,M
5x50,246,TM5,P
5x51,247,TM5,V
5x52,248,TM5,L
5x53,249,TM5,I
5x54,250,TM5,I
5x55,251,TM5,T
5x56,252,TM5,V
5x57,253,TM5,C
5x58,254,TM5,Y
5x59,255,TM5,G
5x60,256,TM5,L
5x61,257,TM5,M
5x62,258,TM5,I
5x63,259,TM5,L
5x64,260,TM5,R
5x65,261,TM5,L
5x66,262,TM5,K
5x67,263,TM5,S
5x68,264,TM5,V
,265,ICL3,R
,266,ICL3,M
,267,ICL3,L
,268,ICL3,S
,269,ICL3,G
6x23,270,TM6,S
6x24,271,TM6,K
6x25,272,TM6,E
6x26,273,TM6,K
6x27,274,TM6,D
6x28,275,TM6,R
6x29,276,TM6,N
6x30,277,TM6,L
6x31,278,TM6,R
6x32,279,TM6,R
6x33,280,TM6,I
6x34,281,TM6,T
6x35,282,TM6,R
6x36,283,TM6,M
6x37,284,TM6,V
6x38,285,TM6,L
6x39,286,TM6,V
6x40,287,TM6,V
6x41,288,TM6,V
6x42,289,TM6,A
6x43,290,TM6,V
6x44,291,TM6,F
6x45,292,TM6,I
6x46,293,TM6,V
6x47,294,TM6,C
6x48,295,TM6,W
6x49,296,TM6,T
6x50,297,TM6,P
6x51,298,TM6,I
6x52,299,TM6,H
6x53,300,TM6,I
6x54,301,TM6,Y
6x55,302,TM6,V
6x56,303,TM6,I
6x57,304,TM6,I
6x58,305,TM6,K
6x59,306,TM6,A
6x60,307,TM6,L
6x61,308,TM6,V
,309,ECL3,T
,310,ECL3,I
,311,ECL3,P
,312,ECL3,E
7x27,313,TM7,T
7x28,314,TM7,T
7x29,315,TM7,F
7x30,316,TM7,Q
7x31,317,TM7,T
7x32,318,TM7,V
7x33,319,TM7,S
7x34,320,TM7,W
7x35,321,TM7,H
7x36,322,TM7,F
7x37,323,TM7,C
7x38,324,TM7,I
7x39,325,TM7,A
7x40,326,TM7,L
7x41,327,TM7,G
7x42,328,TM7,Y
7x43,329,TM7,T
7x45,330,TM7,N
7x46,331,TM7,S
7x47,332,TM7,C
7x48,333,TM7,L
7x49,334,TM7,N
7x50,335,TM7,P
7x51,336,TM7,V
7x52,337,TM7,L
7x53,338,TM7,Y
7x54,339,TM7,A
7x55,340,TM7,F
7x56,341,TM7,L
8x47,342,H8,D
8x48,343,H8,E
8x49,344,H8,N
8x50,345,H8,F
8x51,346,H8,K
8x52,347,H8,R
8x53,348,H8,C
8x54,349,H8,F
8x55,350,H8,R
8x56,351,H8,E
8x57,352,H8,F
8x58,353,H8,C
8x59,354,H8,I
,355,C-tail,P
,356,C-tail,T
,357,C-tail,S
,358,C-tail,S
,359,C-tail,N
,360,C-tail,I
,361,C-tail,E
,362,C-tail,Q
,363,C-tail,Q
,364,C-tail,N
,365,C-tail,S
,366,C-tail,T
,367,C-tail,R
,368,C-tail,I
,369,C-tail,R
,370,C-tail,Q
,371,C-tail,N
,372,C-tail,T
,373,C-tail,R
,374,C-tail,D
,375,C-tail,H
,376,C-tail,P
,377,C-tail,S
,378,C-tail,T
,379,C-tail,A
,380,C-tail,N
,381,C-tail,T
,382,C-tail,V
,383,C-tail,D
,384,C-tail,R
,385,C-tail,T
,386,C-tail,N
,387,C-tail,H
,388,C-tail,Q
,389,C-tail,L
,390,C-tail,E
,391,C-tail,N
,392,C-tail,L
,393,C-tail,E
,394,C-tail,A
,395,C-tail,E
,396,C-tail,T
,397,C-tail,A
,398,C-tail,P
,399,C-tail,L
,400,C-tail,P