GPCRdb,Gprotein,Sodium,Switch
34x52,TRUE,,
5x72,TRUE,,
5x74,TRUE,,
6x25,TRUE,,
6x28,TRUE,,
34x54,TRUE,,
34x55,TRUE,,
34x56,TRUE,,
5x69,TRUE,,
3x50,TRUE,,
34x51,TRUE,,
5x71,TRUE,,
8x47,TRUE,,
8x48,TRUE,,
3x55,TRUE,,
3x56,TRUE,,
3x54,TRUE,,
5x67,TRUE,,
6x37,TRUE,,
7x55,TRUE,,
7x56,TRUE,,
8x51,TRUE,,
6x40,TRUE,,
5x75,TRUE,,
34x53,TRUE,,
6x36,TRUE,,
8x49,TRUE,,
34x50,TRUE,,
5x61,TRUE,,
5x66,TRUE,,
5x68,TRUE,,
6x26,TRUE,,
3x53,TRUE,,
5x64,TRUE,,
5x65,TRUE,,
34x57,TRUE,,
6x29,TRUE,,
6x32,TRUE,,
6x33,TRUE,,
2x49,,TRUE,
6x44,,TRUE,
7x50,,TRUE,
7x45,,TRUE,
1x53,,TRUE,
2x46,,TRUE,
2x47,,TRUE,
7x46,,TRUE,
2x50,,TRUE,
6x48,,TRUE,
3x43,,TRUE,
7x49,,TRUE,
7x53,,TRUE,
3x39,,TRUE,
1x50,,TRUE,
3x49,,,TRUE
3x50,,,TRUE
5x50,,,TRUE
6x44,,,TRUE
7x50,,,TRUE
5x47,,,TRUE
6x34,,,TRUE
6x48,,,TRUE
6x50,,,TRUE
6x30,,,TRUE
7x49,,,TRUE
7x53,,,TRUE
3x40,,,TRUE
7x43,,,TRUE
5x58,,,TRUE